{
  "346f8a8b190c7ee5bf0da6791d533711ef16b621.png": {
    "title": "co-10.png",
    "description": "co-10.png",
    "tags": []
  },
  "8144cc8ba9f37c27c849b265cb379dec41e2e0f0.jpg": {
    "title": "map_image_size_4_full_width@3x-100.jpg",
    "description": "map_image_size_4_full_width@3x-100.jpg",
    "tags": []
  },
  "602baeb20238da9013b6d1fdbf4972fc746990c1.png": {
    "title": "map.png",
    "description": "map.png",
    "tags": []
  },
  "440d5fa82da0cee1ece63852513807a2f3e303f4.jpg": {
    "title": "single_width_small.jpg",
    "description": "single_width_small.jpg",
    "tags": []
  },
  "d23c89663d04f5a3c68c0f00e6ad0cacbe233d4c.png": {
    "title": "co-15.png",
    "description": "co-15.png",
    "tags": []
  },
  "526af98522cd672c751527ae9ea9b24e79854c39.jpg": {
    "title": "map_image_size_1@3x-100.jpg",
    "description": "map_image_size_1@3x-100.jpg",
    "tags": []
  },
  "25093fcc89bd3e0fb39607cb7fd2fc7837fd6d18.mp4": {
    "title": "c-40.mp4",
    "description": "c-40.mp4",
    "tags": []
  },
  "07b7dc8a9474d766df7406be2f6456f431d60379.vtt": {
    "title": "c-40.vtt",
    "description": "c-40.vtt",
    "tags": []
  },
  "25b42c31861bc624acc10ce24526ff422d1e2353.jpg": {
    "title": "page_header_one_alternative3",
    "description": "Window ledge with plant",
    "tags": []
  },
  "a5726561721f1f31205ef754ea732d88ce36939c.jpg": {
    "title": "practical_flipcard_one",
    "description": "About this training module",
    "tags": []
  },
  "df1b589790620dea421787c66ef334fd29689793.jpg": {
    "title": "practical_flipcard_two",
    "description": "About this training program",
    "tags": []
  },
  "c5b3b76a987431ddbd756b7dc28e68ffea2b97f8.jpg": {
    "title": "contents_image",
    "description": "Pink house in Scotland",
    "tags": []
  },
  "73189c51db6202aa43732b4ef62c530e3e621cbb.jpg": {
    "title": "sliderone_white",
    "description": "sliderone_white",
    "tags": []
  },
  "8c80daa68602cb97c84000e2b39fafdd5c7f9775.jpg": {
    "title": "sliderone_white2",
    "description": "sliderone_white2",
    "tags": []
  },
  "5388be28eb5dfa18272cf4cc42d54b7c06ca663f.jpg": {
    "title": "sliderone_white3",
    "description": "sliderone_white3",
    "tags": []
  },
  "7b8fc16af30d2b46ea6cd1d0dfca4ec1d0b6fa82.jpg": {
    "title": "SEHP_HG",
    "description": "SEHP_HG",
    "tags": []
  },
  "d94e3c1119ec7e50ce88ec418dc1582886c74fcf.jpg": {
    "title": "SCOTS_HG",
    "description": "SCOTS_HG",
    "tags": []
  },
  "a447c07a10dd2a7adf9abb10a08cf9203b1bb753.jpg": {
    "title": "SHELT_HG",
    "description": "SHELT_HG",
    "tags": []
  },
  "74d63ab7aa55d5bef7e0143a06ed0a940f505296.jpg": {
    "title": "Nicola_poster",
    "description": "Nicola_poster",
    "tags": []
  },
  "71b823b475bb262fd754b1ff6a3c6e124519cf1b.jpg": {
    "title": "all over scotland",
    "description": "all over scotland",
    "tags": []
  }
}