[
  {
    "title": "Home page (video)",
    "displayTitle": "Home page (video)",
    "body": "<p>Find out what presentation components are available within the core bundle and how you might consider using them within your courses.</p>",
    "_classes": "no-header",
    "pageBody": "<p><strong>Scroll down to see what presentation components are available as part of the Version 2.0 core bundle.</strong></p>",
    "linkText": "View",
    "duration": "2 mins",
    "_lockedBy": [],
    "_lockType": "",
    "_isOptional": false,
    "_isAvailable": true,
    "_isHidden": false,
    "_isVisible": true,
    "_id": "5d812c307fdf8ce21013f655",
    "_parentId": "course",
    "_type": "page",
    "_graphic": {
      "alt": "Placeholder graphic.",
      "src": "course/en/assets/346f8a8b190c7ee5bf0da6791d533711ef16b621.png"
    },
    "_onScreen": {
      "_isEnabled": true,
      "_classes": "no-header case-studies no-padding",
      "_percentInviewVertical": 50
    },
    "_pageLevelProgress": {
      "_isEnabled": true,
      "_showPageCompletion": true,
      "_excludeAssessments": false
    },
    "_bookmarking": {
      "_isEnabled": true,
      "_level": "inherit"
    },
    "_quicknav": {
      "_isEnabled": true,
      "_isEnableNextOnCompletion": false,
      "_isContinuous": "local",
      "_injectIntoSelector": "",
      "_buttons": {
        "_hasIcons": false,
        "_root": {
          "_isHidden": true,
          "text": "Go to main menu",
          "_icon": ""
        },
        "_up": {
          "_isHidden": true,
          "text": "Back to menu",
          "_icon": ""
        },
        "_previous": {
          "_isHidden": true,
          "text": "< Previous",
          "_icon": ""
        },
        "_next": {
          "_isHidden": false,
          "text": "Continue with the course",
          "_icon": ""
        },
        "_close": {
          "_isHidden": true,
          "text": "Close course",
          "_icon": ""
        }
      }
    },
    "_splitscreen": {
      "_isEnabled": false,
      "_screenWidth": 900
    },
    "_blockBackground": {
      "_isActive": true
    },
    "_minimap": {
      "_path": "course/en/assets/602baeb20238da9013b6d1fdbf4972fc746990c1.png"
    }
  },
  {
    "title": "An introduction to empty homes",
    "displayTitle": "<div>An introduction</div><div>to empty homes</div>",
    "body": "",
    "_classes": "",
    "pageBody": "",
    "linkText": "View",
    "duration": "2 mins",
    "_lockedBy": [],
    "_lockType": "",
    "_isOptional": false,
    "_isAvailable": true,
    "_isHidden": false,
    "_isVisible": true,
    "_id": "5d812c307fdf8ce21013f656",
    "_parentId": "course",
    "_type": "page",
    "_graphic": {
      "alt": "Window ledge with plant",
      "src": "course/en/assets/25b42c31861bc624acc10ce24526ff422d1e2353.jpg"
    },
    "_onScreen": {
      "_isEnabled": false,
      "_classes": "",
      "_percentInviewVertical": 50
    },
    "_pageLevelProgress": {
      "_isEnabled": true,
      "_showPageCompletion": true,
      "_excludeAssessments": false
    },
    "_bookmarking": {
      "_isEnabled": true,
      "_level": "inherit"
    },
    "_quicknav": {
      "_isEnabled": true,
      "_isEnableNextOnCompletion": false,
      "_isContinuous": "local",
      "_injectIntoSelector": "",
      "_buttons": {
        "_hasIcons": false,
        "_root": {
          "_isHidden": true,
          "text": "Go to main menu",
          "_icon": ""
        },
        "_up": {
          "_isHidden": true,
          "text": "Back to menu",
          "_icon": ""
        },
        "_previous": {
          "_isHidden": true,
          "text": "< Previous",
          "_icon": ""
        },
        "_next": {
          "_isHidden": false,
          "text": "Continue with the course",
          "_icon": ""
        },
        "_close": {
          "_isHidden": true,
          "text": "Close course",
          "_icon": ""
        }
      }
    },
    "_splitscreen": {
      "_isEnabled": false,
      "_screenWidth": 900
    },
    "_blockBackground": {
      "_isActive": false
    },
    "_minimap": {
      "_path": "course/en/assets/602baeb20238da9013b6d1fdbf4972fc746990c1.png"
    }
  },
  {
    "title": "Visual outcomes (case studies)",
    "displayTitle": "<div>Visual outcomes</div><div>(case studies)</div>",
    "body": "",
    "_classes": "case-studies",
    "pageBody": "",
    "linkText": "View",
    "duration": "2 mins",
    "_lockedBy": [],
    "_lockType": "",
    "_isOptional": false,
    "_isAvailable": true,
    "_isHidden": false,
    "_isVisible": true,
    "_id": "5d812c307fdf8ce21013f658",
    "_parentId": "course",
    "_type": "page",
    "_graphic": {
      "alt": "Placeholder graphic.",
      "src": "course/en/assets/d23c89663d04f5a3c68c0f00e6ad0cacbe233d4c.png"
    },
    "_onScreen": {
      "_isEnabled": false,
      "_classes": "",
      "_percentInviewVertical": 50
    },
    "_pageLevelProgress": {
      "_isEnabled": true,
      "_showPageCompletion": true,
      "_excludeAssessments": false
    },
    "_bookmarking": {
      "_isEnabled": true,
      "_level": "inherit"
    },
    "_quicknav": {
      "_isEnabled": true,
      "_isEnableNextOnCompletion": true,
      "_isContinuous": "local",
      "_injectIntoSelector": "",
      "_buttons": {
        "_hasIcons": false,
        "_root": {
          "_isHidden": true,
          "text": "Go to main menu",
          "_icon": ""
        },
        "_up": {
          "_isHidden": true,
          "text": "Back to menu",
          "_icon": ""
        },
        "_previous": {
          "_isHidden": true,
          "text": "< Previous",
          "_icon": ""
        },
        "_next": {
          "_isHidden": false,
          "text": "Next >",
          "_icon": ""
        },
        "_close": {
          "_isHidden": true,
          "text": "Complete and close course",
          "_icon": ""
        }
      }
    },
    "_splitscreen": {
      "_isEnabled": true,
      "_screenWidth": 900
    },
    "_blockBackground": {
      "_isActive": true
    },
    "_minimap": {
      "_path": "course/en/assets/602baeb20238da9013b6d1fdbf4972fc746990c1.png"
    }
  },
  {
    "title": "Next Steps",
    "displayTitle": "<div>Next</div><div>steps</div>",
    "body": "",
    "_classes": "assessment",
    "pageBody": "",
    "linkText": "View",
    "duration": "2 mins",
    "_lockedBy": [],
    "_lockType": "",
    "_isOptional": false,
    "_isAvailable": true,
    "_isHidden": false,
    "_isVisible": true,
    "_id": "5d812c307fdf8ce21013f65b",
    "_parentId": "course",
    "_type": "page",
    "_graphic": {
      "alt": "Placeholder graphic.",
      "src": "course/en/assets/d23c89663d04f5a3c68c0f00e6ad0cacbe233d4c.png"
    },
    "_onScreen": {
      "_isEnabled": false,
      "_classes": "",
      "_percentInviewVertical": 50
    },
    "_pageLevelProgress": {
      "_isEnabled": true,
      "_showPageCompletion": true,
      "_excludeAssessments": false
    },
    "_bookmarking": {
      "_isEnabled": true,
      "_level": "inherit"
    },
    "_quicknav": {
      "_isEnabled": true,
      "_isEnableNextOnCompletion": false,
      "_isContinuous": "local",
      "_injectIntoSelector": "",
      "_buttons": {
        "_hasIcons": false,
        "_root": {
          "_isHidden": true,
          "text": "Go to main menu",
          "_icon": ""
        },
        "_up": {
          "_isHidden": true,
          "text": "Back to menu",
          "_icon": ""
        },
        "_previous": {
          "_isHidden": true,
          "text": "< Previous",
          "_icon": ""
        },
        "_next": {
          "_isHidden": true,
          "text": "Next >",
          "_icon": ""
        },
        "_close": {
          "_isHidden": false,
          "text": "Complete and close course",
          "_icon": ""
        }
      }
    },
    "_splitscreen": {
      "_isEnabled": false,
      "_screenWidth": 900
    },
    "_blockBackground": {
      "_isActive": false
    },
    "_minimap": {
      "_path": "course/en/assets/602baeb20238da9013b6d1fdbf4972fc746990c1.png"
    }
  }
]